ds,y
2019-01-02,313.9
2019-01-03,311.8
2019-01-04,320.7
2019-01-05,299.0
2019-01-06,286.8
2019-01-07,294.2
2019-01-08,289.4
2019-01-09,258.6
2019-01-10,284.2
2019-01-11,281.4
2019-01-12,298.6
2019-01-13,310.0
2019-01-14,319.5
2019-01-15,326.7
2019-01-16,399.0
2019-01-17,412.5
2019-01-18,426.0
2019-01-19,437.9
2019-01-20,428.3
2019-01-21,407.9
2019-01-22,417.1
2019-01-23,395.8
2019-01-24,410.9
2019-01-25,408.7
2019-01-26,373.4
2019-01-27,341.6
2019-01-28,393.3
2019-01-29,365.3
2019-01-30,220.4
2019-01-31,220.8
2019-02-02,234.8
2019-02-03,241.2
2019-02-04,246.2
2019-02-05,241.2
2019-02-06,241.3
2019-02-07,260.1
2019-02-08,262.8
2019-02-09,268.2
2019-02-10,273.2
2019-02-11,276.9
2019-02-12,281.4
2019-02-13,268.8
2019-02-14,261.4
2019-02-15,264.7
2019-02-16,272.5
2019-02-17,272.5
2019-02-18,268.0
2019-02-19,270.0
2019-02-20,264.3
2019-02-21,428.2
2019-02-22,435.6
2019-02-23,444.4
2019-02-24,469.0
2019-02-25,445.2
2019-02-26,438.9
2019-02-27,439.0
2019-02-28,281.2
2019-03-02,270.4
2019-03-03,271.8
2019-03-04,271.2
2019-03-05,282.1
2019-03-06,276.9
2019-03-07,276.8
2019-03-08,362.8
2019-03-09,405.5
2019-03-10,429.1
2019-03-11,430.6
2019-03-12,431.3
2019-03-13,439.7
2019-03-14,409.2
2019-03-15,235.1
2019-03-16,222.1
2019-03-17,249.0
2019-03-18,276.4
2019-03-19,287.7
2019-03-20,268.6
2019-03-21,287.1
2019-03-22,260.8
2019-03-23,258.2
2019-03-24,258.4
2019-03-25,238.2
2019-03-26,236.2
2019-03-27,240.5
2019-03-28,232.6
2019-03-29,291.7
2019-03-30,279.4
2019-03-31,297.6
2019-04-02,308.6
2019-04-03,317.9
2019-04-04,320.0
2019-04-05,292.2
2019-04-06,261.4
2019-04-07,259.6
2019-04-08,241.9
2019-04-09,241.9
2019-04-10,268.0
2019-04-11,258.0
2019-04-12,230.0
2019-04-13,383.0
2019-04-14,407.9
2019-04-15,416.9
2019-04-16,435.1
2019-04-17,446.8
2019-04-18,452.6
2019-04-19,445.1
2019-04-20,259.9
2019-04-21,250.0
2019-04-22,257.7
2019-04-23,250.6
2019-04-24,274.9
2019-04-25,247.3
2019-04-26,215.8
2019-04-27,280.7
2019-04-28,276.6
2019-04-29,277.3
2019-04-30,293.2
2019-05-02,304.8
2019-05-03,297.0
2019-05-04,308.0
2019-05-05,326.9
2019-05-06,328.4
2019-05-07,335.1
2019-05-08,301.8
2019-05-09,276.3
2019-05-10,261.3
2019-05-11,244.4
2019-05-12,422.1
2019-05-13,428.8
2019-05-14,406.8
2019-05-15,372.2
2019-05-16,357.5
2019-05-17,359.1
2019-05-18,364.1
2019-05-19,342.3
2019-05-20,362.0
2019-05-21,380.7
2019-05-22,387.1
2019-05-23,387.1
2019-05-24,364.0
2019-05-25,358.7
2019-05-26,240.8
2019-05-27,247.4
2019-05-28,241.6
2019-05-29,239.9
2019-05-30,238.9
2019-05-31,217.3
2019-06-02,219.4
2019-06-03,296.7
2019-06-04,290.5
2019-06-05,286.8
2019-06-06,286.7
2019-06-07,302.9
2019-06-08,287.8
2019-06-09,290.0
2019-06-10,259.4
2019-06-11,231.2
2019-06-12,242.7
2019-06-13,259.8
2019-06-14,246.2
2019-06-15,239.0
2019-06-16,249.1
2019-06-17,412.7
2019-06-18,413.5
2019-06-19,428.3
2019-06-20,442.0
2019-06-21,398.2
2019-06-22,406.1
2019-06-23,414.7
2019-06-24,281.2
2019-06-25,283.7
2019-06-26,283.2
2019-06-27,270.6
2019-06-28,283.9
2019-06-29,284.6
2019-06-30,282.3
2019-07-01,379.4
2019-07-02,388.0
2019-07-03,379.5
2019-07-04,372.6
2019-07-05,400.1
2019-07-06,368.5
2019-07-07,341.6
2019-07-08,280.3
2019-07-08,268.3
2019-07-09,260.2
2019-07-09,283.0
2019-07-10,284.4
2019-07-10,293.6
2019-07-11,264.6
2019-07-11,296.3
2019-07-12,268.3
2019-07-12,266.3
2019-07-13,266.6
2019-07-14,265.9
2019-07-15,260.0
2019-07-16,255.2
2019-07-17,289.0
2019-07-18,297.0
2019-07-19,295.8
2019-07-20,274.1
2019-07-21,268.5
2019-07-22,267.7
2019-07-23,279.9
2019-07-24,256.7
2019-07-25,257.1
2019-07-26,261.5
2019-07-27,263.7
2019-07-28,263.8
2019-07-29,265.3
2019-07-30,263.6
2019-07-31,405.1
2019-08-01,384.1
2019-08-02,394.1
2019-08-03,389.6
2019-08-04,425.1
2019-08-05,398.6
2019-08-06,382.0
2019-08-08,361.1
2019-08-09,367.1
2019-08-10,370.6
2019-08-11,383.2
2019-08-12,382.7
2019-08-13,402.6
2019-08-14,417.5
2019-08-15,289.7
2019-08-16,292.4
2019-08-17,291.2
2019-08-18,279.7
2019-08-19,234.2
2019-08-20,247.1
2019-08-21,250.7
2019-08-22,243.5
2019-08-23,253.5
2019-08-24,263.3
2019-08-25,266.5
2019-08-26,271.7
2019-08-27,267.8
2019-08-28,266.1
2019-08-29,405.3
2019-08-30,393.2
2019-08-31,351.9
2019-09-01,350.6
2019-09-02,375.3
2019-09-03,378.5
2019-09-04,316.7
2019-09-05,232.8
2019-09-06,240.9
2019-09-08,249.9
2019-09-09,256.7
2019-09-10,263.0
2019-09-11,255.7
2019-09-12,353.6
2019-09-13,331.6
2019-09-14,363.8
2019-09-15,390.3
2019-09-16,407.1
2019-09-17,415.0
2019-09-18,418.2
2019-09-19,351.0
2019-09-20,284.6
2019-09-21,251.5
2019-09-22,269.9
2019-09-23,301.0
2019-09-24,315.6
2019-09-25,320.3
2019-09-26,324.6
2019-09-27,326.3
2019-09-28,330.1
2019-09-29,327.3
2019-09-30,323.6
2019-10-01,316.5
2019-10-02,299.3
2019-10-03,282.8
2019-10-04,295.3
2019-10-05,291.3
2019-10-06,293.4
2019-10-08,294.9
2019-10-09,293.8
2019-10-10,280.0
2019-10-11,399.9
2019-10-12,405.6
2019-10-13,401.4
2019-10-14,404.7
2019-10-15,394.2
2019-10-16,364.1
2019-10-17,400.3
2019-10-18,296.5
2019-10-19,289.5
2019-10-20,284.0
2019-10-21,253.9
2019-10-22,260.9
2019-10-23,279.8
2019-10-24,271.3
2019-10-25,449.7
2019-10-26,420.6
2019-10-27,393.0
2019-10-28,379.2
2019-10-29,377.1
2019-10-30,370.6
2019-10-31,353.2
2019-11-01,271.0
2019-11-02,282.3
2019-11-03,290.0
2019-11-04,289.0
2019-11-05,293.3
2019-11-06,290.0
2019-11-08,280.4
2019-11-09,269.0
2019-11-10,267.4
2019-11-11,268.7
2019-11-12,276.1
2019-11-13,277.4
2019-11-14,272.1
2019-11-15,257.1
2019-11-16,276.5
2019-11-17,280.6
2019-11-18,283.1
2019-11-19,271.5
2019-11-20,278.8
2019-11-21,289.1
2019-11-22,288.7
2019-11-23,256.7
2019-11-24,257.5
2019-11-25,267.0
2019-11-26,246.1
2019-11-27,236.4
2019-11-28,246.0
2019-11-29,250.5
2019-11-30,449.6
2019-12-01,461.2
2019-12-02,403.0
2019-12-03,430.6
2019-12-04,453.9
2019-12-05,450.6
2019-12-06,413.3
2019-12-08,251.6
2019-12-09,217.0
2019-12-10,278.0
2019-12-11,312.5
2019-12-12,322.0
2019-12-13,339.7
2019-12-14,350.6
2019-12-15,290.4
2019-12-16,295.5
2019-12-17,288.0
2019-12-18,282.1
2019-12-19,273.9
2019-12-20,278.7
2019-12-21,286.6
2019-12-22,244.7
2019-12-23,249.2
2019-12-24,253.4
2019-12-25,239.8
2019-12-26,186.8
2019-12-27,229.9
2019-12-28,234.2
2019-12-29,421.3
2019-12-30,437.4
2019-12-31,424.0
2020-01-01,426.5
2020-01-02,393.0
2020-01-03,390.4
2020-01-04,393.1
2020-01-05,230.7
2020-01-13,223.1
2020-01-14,205.3
2020-01-15,214.0
2020-01-16,207.0
2020-01-17,213.3
2020-01-18,214.4
2020-01-19,368.4
2020-01-20,325.6
2020-01-21,318.3
2020-01-22,313.4
2020-01-23,339.7
2020-01-24,363.5
2020-01-25,370.5
2020-01-26,316.2
2020-01-27,331.6
2020-01-28,340.6
2020-01-29,345.6
2020-01-30,347.0
2020-01-31,347.1
2020-02-01,340.1
2020-02-02,322.2
2020-02-03,311.2
2020-02-04,325.9
2020-02-05,332.7
2020-02-13,329.4
2020-02-14,323.1
2020-02-15,316.4
2020-02-16,274.4
2020-02-17,289.2
2020-02-18,289.2
2020-02-19,292.5
2020-02-20,293.3
2020-02-21,291.9
2020-02-22,285.5
2020-02-23,380.9
2020-02-24,395.5
2020-02-25,408.6
2020-02-26,419.6
2020-02-27,432.3
2020-02-28,424.5
2020-02-29,414.8
2020-03-01,294.0
2020-03-02,292.3
2020-03-03,269.2
2020-03-04,276.6
2020-03-05,295.1
2020-03-13,288.3
2020-03-14,288.0
2020-03-15,403.0
2020-03-16,364.9
2020-03-17,377.9
2020-03-18,368.4
2020-03-19,325.6
2020-03-20,318.3
2020-03-21,313.4
2020-03-22,236.8
2020-03-23,241.4
2020-03-24,249.0
2020-03-25,248.0
2020-03-26,252.4
2020-03-27,260.3
2020-03-28,265.9
2020-03-29,274.4
2020-03-30,270.5
2020-03-31,272.9
2020-04-01,265.5
2020-04-02,265.7
2020-04-03,270.7
2020-04-04,260.4
2020-04-05,247.7
2020-04-13,252.8
2020-04-14,258.1
2020-04-15,262.7
2020-04-16,269.8
2020-04-17,267.3
2020-04-18,273.1
2020-04-19,268.0
2020-04-20,274.7
2020-04-21,259.3
2020-04-22,221.2
2020-04-23,231.0
2020-04-24,248.0
2020-04-25,252.2
2020-04-26,412.6
2020-04-27,444.2
2020-04-28,471.8
2020-04-29,431.1
2020-04-30,381.6
2020-05-01,433.9
2020-05-02,443.4
2020-05-03,282.8
2020-05-04,280.0
2020-05-05,260.8
2020-05-13,269.3
2020-05-14,257.6
2020-05-15,300.3
2020-05-16,316.6
2020-05-17,283.5
2020-05-18,287.4
2020-05-19,290.9
2020-05-20,292.0
2020-05-21,295.5
2020-05-22,295.4
2020-05-23,286.3
2020-06-01,240.5
2020-06-02,239.9
2020-06-03,245.0
2020-06-04,250.4
2020-06-05,249.4
2020-07-01,248.3
2020-07-02,242.3
2020-07-03,425.6
2020-07-04,434.0
2020-07-05,414.1
2020-08-01,439.6
2020-08-02,435.0
2020-08-03,430.1
2020-08-04,423.8
2020-08-05,250.8
2020-09-01,257.1
2020-09-02,250.0
2020-09-03,230.3
2020-09-04,209.5
2020-09-05,218.8
2020-10-01,232.1
2020-10-02,454.3
2020-10-03,441.3
2020-10-04,433.9
2020-10-05,441.2
2020-11-01,403.0
2020-11-02,364.9
2020-11-03,377.9
2020-11-04,311.1
2020-11-05,320.1
2020-12-01,322.8
2020-12-02,331.4
2020-12-03,336.7
2020-12-04,334.6
2020-12-05,287.3
